epoch,time,train/box_loss,train/cls_loss,train/dfl_loss,metrics/precision(B),metrics/recall(B),metrics/mAP50(B),metrics/mAP50-95(B),val/box_loss,val/cls_loss,val/dfl_loss,lr/pg0,lr/pg1,lr/pg2
1,124.528,2.10015,5.26567,1.97709,0.00827,0.33294,0.02517,0.01185,1.61921,4.77706,1.59537,0.00822222,0.000197531,0.000197531
2,298.038,1.64147,4.3178,1.5996,0.54256,0.16631,0.08915,0.04972,1.53955,4.11699,1.62884,0.00641825,0.000393556,0.000393556
3,463.622,1.61308,3.91972,1.60315,0.53758,0.08499,0.06653,0.04048,1.63852,4.10483,1.72575,0.00461027,0.000585581,0.000585581
4,618.127,1.54915,3.62042,1.58842,0.3171,0.24419,0.12799,0.07445,1.41006,3.95387,1.54471,0.0027983,0.000773607,0.000773607
